,message,Direct Harassment,Hate Speech,Sexual Harassment,Trolling,Others,Toxic,cleaned_message,POS,tagCounts,preprocessed_1,POS-SEQ,None,words,uppercase_word_count,punctuation_count,not_in_vocab_words
0,?,0.0,0.0,0.0,0.0,0.0,0.0,?,"[('?', 'PUNCT')]",{'PUNCT': 1},,PUNCT,1.0,,0,1,
1,fox fail,1.0,0.0,0.0,0.0,0.0,0.0,fox fail,"[('fox', 'PROPN'), ('fail', 'VERB')]","{'PROPN': 1, 'VERB': 1}",fox fail,PROPN VERB,0.0,fox fail,0,0,
2,Tell baby clown boy to get out,1.0,0.0,0.0,0.0,0.0,0.0,Tell baby clown boy to get out,"[('tell', 'VERB'), ('baby', 'NOUN'), ('clown', 'NOUN'), ('boy', 'NOUN'), ('to', 'PART'), ('get', 'VERB'), ('out', 'ADP')]","{'VERB': 2, 'NOUN': 3, 'PART': 1, 'ADP': 1}",tell baby clown boy to get,VERB NOUN NOUN NOUN PART VERB ADP,0.0,tell baby clown boy to get out,0,0,
3,awe are you poor losers upset you lost the election?,1.0,0.0,0.0,0.0,0.0,0.0,awe are you poor losers upset you lost the election?,"[('awe', 'PROPN'), ('be', 'AUX'), ('you', 'PRON'), ('poor', 'ADJ'), ('loser', 'NOUN'), ('upset', 'VERB'), ('you', 'PRON'), ('lose', 'VERB'), ('the', 'DET'), ('election', 'NOUN'), ('?', 'PUNCT')]","{'PROPN': 1, 'AUX': 1, 'PRON': 2, 'ADJ': 1, 'NOUN': 2, 'VERB': 2, 'DET': 1, 'PUNCT': 1}",awe poor loser upset lose election,PROPN AUX PRON ADJ NOUN VERB PRON VERB DET NOUN PUNCT,0.0,awe be poor loser upset lose election,0,1,
4,Biden won bigly,0.0,0.0,0.0,0.0,0.0,0.0,Biden won bigly,"[('Biden', 'PROPN'), ('win', 'VERB'), ('bigly', 'ADV')]","{'PROPN': 1, 'VERB': 1, 'ADV': 1}",biden win bigly,PROPN VERB ADV,1.0,biden win bigly,0,0,bigly
5,tell it to the Supreme Court,0.0,0.0,0.0,0.0,0.0,0.0,tell it to the Supreme Court,"[('tell', 'VERB'), ('it', 'PRON'), ('to', 'ADP'), ('the', 'DET'), ('Supreme', 'PROPN'), ('Court', 'PROPN')]","{'VERB': 1, 'PRON': 1, 'ADP': 1, 'DET': 1, 'PROPN': 2}",tell supreme court,VERB PRON ADP DET PROPN PROPN,1.0,tell to supreme court,0,0,
6,Trump2020,0.0,0.0,0.0,0.0,0.0,0.0,Trump2020,"[('Trump2020', 'PROPN')]",{'PROPN': 1},trump2020,PROPN,1.0,trump2020,0,0,trump2020
7,üòÇüòÇ Trump lost,0.0,0.0,0.0,0.0,0.0,0.0,üòÇüòÇ Trump lost,"[('üòÇ', 'EMOJI'), ('üòÇ', 'EMOJI'), ('Trump', 'PROPN'), ('lose', 'VERB')]","{'X': 2, 'PROPN': 1, 'VERB': 1}",üòÇ üòÇ trump lose,EMOJI EMOJI PROPN VERB,1.0,trump lose,0,0,
8,Trump2020,0.0,0.0,0.0,0.0,0.0,0.0,Trump2020,"[('Trump2020', 'PROPN')]",{'PROPN': 1},trump2020,PROPN,1.0,trump2020,0,0,trump2020
9,Supreme court will have the final say!,0.0,0.0,0.0,0.0,0.0,0.0,Supreme court will have the final say!,"[('Supreme', 'PROPN'), ('court', 'NOUN'), ('will', 'AUX'), ('have', 'VERB'), ('the', 'DET'), ('final', 'ADJ'), ('say', 'NOUN'), ('!', 'PUNCT')]","{'PROPN': 1, 'NOUN': 2, 'AUX': 1, 'VERB': 1, 'DET': 1, 'ADJ': 1, 'PUNCT': 1}",supreme court have final say,PROPN NOUN AUX VERB DET ADJ NOUN PUNCT,1.0,supreme court will have final say,0,1,
10,"FYI the electors haven't been appointed yet, nor have they voted.",0.0,0.0,0.0,0.0,0.0,0.0,"FYI the electors have not been appointed yet, nor have they voted.","[('FYI', 'PROPN'), ('the', 'DET'), ('elector', 'NOUN'), ('have', 'AUX'), ('not', 'PART'), ('be', 'AUX'), ('appoint', 'VERB'), ('yet', 'ADV'), (',', 'PUNCT'), ('nor', 'CCONJ'), ('have', 'AUX'), ('they', 'PRON'), ('vote', 'VERB'), ('.', 'PUNCT')]","{'PROPN': 1, 'DET': 1, 'NOUN': 1, 'AUX': 3, 'PART': 1, 'VERB': 2, 'ADV': 1, 'PUNCT': 2, 'CCONJ': 1, 'PRON': 1}",fyi elector not appoint yet vote,PROPN DET NOUN AUX PART AUX VERB ADV PUNCT CCONJ AUX PRON VERB PUNCT,1.0,fyi elector have not be appoint yet nor have vote,1,2,fyi elector
11,sUpReMe cOuRt,1.0,0.0,0.0,0.0,0.0,0.0,sUpReMe cOuRt,"[('sUpReMe', 'PROPN'), ('cOuRt', 'PROPN')]",{'PROPN': 2},supreme court,PROPN PROPN,0.0,supreme court,0,0,
12,Trump will be President media doesn't call elections.,0.0,0.0,0.0,0.0,0.0,0.0,Trump will be President media does not call elections.,"[('Trump', 'PROPN'), ('will', 'AUX'), ('be', 'VERB'), ('President', 'PROPN'), ('medium', 'NOUN'), ('do', 'AUX'), ('not', 'PART'), ('call', 'VERB'), ('election', 'NOUN'), ('.', 'PUNCT')]","{'PROPN': 2, 'AUX': 2, 'VERB': 2, 'NOUN': 2, 'PART': 1, 'PUNCT': 1}",trump be president medium not call election,PROPN AUX VERB PROPN NOUN AUX PART VERB NOUN PUNCT,1.0,trump will be president medium do not call election,0,1,
13,4 eyes is gonna make a good prison b****,1.0,0.0,0.0,0.0,0.0,1.0,4 eyes is gonna make a good prison b****,"[('4', 'NUM'), ('eye', 'NOUN'), ('be', 'AUX'), ('go', 'VERB'), ('to', 'PART'), ('make', 'VERB'), ('a', 'DET'), ('good', 'ADJ'), ('prison', 'NOUN'), ('b', 'NOUN'), ('*', 'PUNCT'), ('*', 'PUNCT'), ('*', 'PUNCT'), ('*', 'PUNCT')]","{'NUM': 1, 'NOUN': 3, 'AUX': 1, 'VERB': 2, 'PART': 1, 'DET': 1, 'ADJ': 1, 'PUNCT': 4}",4 eye gon na make good prison b,NUM NOUN AUX VERB PART VERB DET ADJ NOUN NOUN PUNCT PUNCT PUNCT PUNCT,0.0,4 eye be gon na make good prison b,0,4,
14,Trump 2020 get over it,0.0,0.0,0.0,0.0,0.0,0.0,Trump 2020 get over it,"[('Trump', 'PROPN'), ('2020', 'NUM'), ('get', 'VERB'), ('over', 'ADP'), ('it', 'PRON')]","{'PROPN': 1, 'NUM': 1, 'VERB': 1, 'ADP': 1, 'PRON': 1}",trump 2020 get,PROPN NUM VERB ADP PRON,1.0,trump 2020 get over,0,0,
15,Trump 2020,0.0,0.0,0.0,0.0,0.0,0.0,Trump 2020,"[('trump', 'NOUN'), ('2020', 'NUM')]","{'NOUN': 1, 'NUM': 1}",trump 2020,NOUN NUM,1.0,trump 2020,0,0,
16,RAID THEIR SERVERS!,0.0,0.0,0.0,1.0,0.0,0.0,RAID THEIR SERVERS!,"[('RAID', 'VERB'), ('their', 'PRON'), ('server', 'NOUN'), ('!', 'PUNCT')]","{'VERB': 1, 'PRON': 1, 'NOUN': 1, 'PUNCT': 1}",raid server,VERB PRON NOUN PUNCT,0.0,raid server,3,1,
17,the guy doing sign language is more entertaining,0.0,0.0,0.0,0.0,0.0,0.0,the guy doing sign language is more entertaining,"[('the', 'DET'), ('guy', 'NOUN'), ('do', 'VERB'), ('sign', 'NOUN'), ('language', 'NOUN'), ('be', 'AUX'), ('more', 'ADV'), ('entertaining', 'ADJ')]","{'DET': 1, 'NOUN': 3, 'VERB': 1, 'AUX': 1, 'ADV': 1, 'ADJ': 1}",guy do sign language more entertaining,DET NOUN VERB NOUN NOUN AUX ADV ADJ,1.0,guy do sign language be more entertaining,0,0,
18,trump 2020,0.0,0.0,0.0,0.0,0.0,0.0,trump 2020,"[('trump', 'PROPN'), ('2020', 'NUM')]","{'PROPN': 1, 'NUM': 1}",trump 2020,PROPN NUM,1.0,trump 2020,0,0,
19,OBAMA 2020 MAGA!!,0.0,0.0,0.0,0.0,0.0,0.0,OBAMA 2020 MAGA!!,"[('OBAMA', 'PROPN'), ('2020', 'NUM'), ('MAGA', 'PROPN'), ('!', 'PUNCT'), ('!', 'PUNCT')]","{'PROPN': 2, 'NUM': 1, 'PUNCT': 2}",obama 2020 maga,PROPN NUM PROPN PUNCT PUNCT,1.0,obama 2020 maga,2,2,maga
20,of course Trump lost. He is a lunatic. Most Americans can see that.,1.0,0.0,0.0,0.0,0.0,0.0,of course Trump lost. He is a lunatic. Most Americans can see that.,"[('of', 'ADP'), ('course', 'NOUN'), ('Trump', 'PROPN'), ('lose', 'VERB'), ('.', 'PUNCT'), ('he', 'PRON'), ('be', 'AUX'), ('a', 'DET'), ('lunatic', 'ADJ'), ('.', 'PUNCT'), ('Most', 'ADJ'), ('Americans', 'PROPN'), ('can', 'AUX'), ('see', 'VERB'), ('that', 'DET'), ('.', 'PUNCT')]","{'ADP': 1, 'NOUN': 1, 'PROPN': 2, 'VERB': 2, 'PUNCT': 3, 'PRON': 1, 'AUX': 2, 'DET': 2, 'ADJ': 2}",course trump lose lunatic most americans see,ADP NOUN PROPN VERB PUNCT PRON AUX DET ADJ PUNCT ADJ PROPN AUX VERB DET PUNCT,0.0,of course trump lose be lunatic most americans can see,0,3,
21,Biden and his supporters will always have to live with the shame of cheating America!,1.0,0.0,0.0,0.0,0.0,0.0,Biden and his supporters will always have to live with the shame of cheating America!,"[('Biden', 'PROPN'), ('and', 'CCONJ'), ('his', 'PRON'), ('supporter', 'NOUN'), ('will', 'AUX'), ('always', 'ADV'), ('have', 'VERB'), ('to', 'PART'), ('live', 'VERB'), ('with', 'ADP'), ('the', 'DET'), ('shame', 'NOUN'), ('of', 'ADP'), ('cheat', 'VERB'), ('America', 'PROPN'), ('!', 'PUNCT')]","{'PROPN': 2, 'CCONJ': 1, 'PRON': 1, 'NOUN': 2, 'AUX': 1, 'ADV': 1, 'VERB': 3, 'PART': 1, 'ADP': 2, 'DET': 1, 'PUNCT': 1}",biden supporter always have to live shame cheat america,PROPN CCONJ PRON NOUN AUX ADV VERB PART VERB ADP DET NOUN ADP VERB PROPN PUNCT,0.0,biden and supporter will always have to live with shame of cheat america,0,1,
22,MAGA,0.0,0.0,0.0,0.0,0.0,0.0,MAGA,"[('MAGA', 'PROPN')]",{'PROPN': 1},maga,PROPN,1.0,maga,1,0,maga
23,TRUMP WINS BY A LANDSLIDE!,0.0,0.0,0.0,0.0,0.0,0.0,TRUMP WINS BY A LANDSLIDE!,"[('TRUMP', 'PROPN'), ('WINS', 'PROPN'), ('by', 'ADP'), ('a', 'DET'), ('landslide', 'NOUN'), ('!', 'PUNCT')]","{'PROPN': 2, 'ADP': 1, 'DET': 1, 'NOUN': 1, 'PUNCT': 1}",trump wins landslide,PROPN PROPN ADP DET NOUN PUNCT,1.0,trump wins by landslide,5,1,
24,wow you all really don't understand how our election system works and its sad,0.0,0.0,0.0,0.0,0.0,0.0,wow you all really do not understand how our election system works and its sad,"[('wow', 'INTJ'), ('you', 'PRON'), ('all', 'DET'), ('really', 'ADV'), ('do', 'AUX'), ('not', 'PART'), ('understand', 'VERB'), ('how', 'ADV'), ('our', 'PRON'), ('election', 'NOUN'), ('system', 'NOUN'), ('work', 'VERB'), ('and', 'CCONJ'), ('its', 'PRON'), ('sad', 'ADJ')]","{'INTJ': 1, 'PRON': 3, 'DET': 1, 'ADV': 2, 'AUX': 1, 'PART': 1, 'VERB': 2, 'NOUN': 2, 'CCONJ': 1, 'ADJ': 1}",wow really not understand how election system work sad,INTJ PRON DET ADV AUX PART VERB ADV PRON NOUN NOUN VERB CCONJ PRON ADJ,1.0,wow really do not understand how election system work and sad,0,0,
25,Biden 2020-2028 Kamala 2028-2036,0.0,0.0,0.0,0.0,0.0,0.0,Biden 2020-2028 Kamala 2028-2036,"[('Biden', 'PROPN'), ('2020', 'NUM'), ('-', 'SYM'), ('2028', 'NUM'), ('Kamala', 'PROPN'), ('2028', 'NUM'), ('-', 'SYM'), ('2036', 'NUM')]","{'PROPN': 2, 'NUM': 4, 'SYM': 2}",biden 2020 2028 kamala 2028 2036,PROPN NUM SYM NUM PROPN NUM SYM NUM,1.0,biden 2020 2028 kamala 2028 2036,0,2,2028 kamala 2028 2036
26,media does not call an election. fake news media.,0.0,0.0,0.0,0.0,0.0,0.0,media does not call an election. fake news media.,"[('medium', 'NOUN'), ('do', 'AUX'), ('not', 'PART'), ('call', 'VERB'), ('an', 'DET'), ('election', 'NOUN'), ('.', 'PUNCT'), ('fake', 'ADJ'), ('news', 'NOUN'), ('medium', 'NOUN'), ('.', 'PUNCT')]","{'NOUN': 4, 'AUX': 1, 'PART': 1, 'VERB': 1, 'DET': 1, 'PUNCT': 2, 'ADJ': 1}",medium not call election fake news medium,NOUN AUX PART VERB DET NOUN PUNCT ADJ NOUN NOUN PUNCT,1.0,medium do not call election fake news medium,0,2,
27,"We just see all the RATS coming out, that's the goal",1.0,0.0,0.0,0.0,0.0,0.0,"We just see all the RATS coming out, that is the goal","[('we', 'PRON'), ('just', 'ADV'), ('see', 'VERB'), ('all', 'DET'), ('the', 'DET'), ('RATS', 'PROPN'), ('come', 'VERB'), ('out', 'ADP'), (',', 'PUNCT'), ('that', 'DET'), ('be', 'AUX'), ('the', 'DET'), ('goal', 'NOUN')]","{'PRON': 1, 'ADV': 1, 'VERB': 2, 'DET': 4, 'PROPN': 1, 'ADP': 1, 'PUNCT': 1, 'AUX': 1, 'NOUN': 1}",just see rats come goal,PRON ADV VERB DET DET PROPN VERB ADP PUNCT DET AUX DET NOUN,0.0,just see rats come out be goal,1,1,
28,Corrupted politician,1.0,0.0,0.0,0.0,0.0,0.0,Corrupted politician,"[('corrupted', 'ADJ'), ('politician', 'NOUN')]","{'ADJ': 1, 'NOUN': 1}",corrupted politician,ADJ NOUN,0.0,corrupted politician,0,0,corrupted
29,Trump is the president and will be for next 4 years!,0.0,0.0,0.0,0.0,0.0,0.0,Trump is the president and will be for next 4 years!,"[('Trump', 'PROPN'), ('be', 'AUX'), ('the', 'DET'), ('president', 'NOUN'), ('and', 'CCONJ'), ('will', 'AUX'), ('be', 'VERB'), ('for', 'ADP'), ('next', 'ADJ'), ('4', 'NUM'), ('year', 'NOUN'), ('!', 'PUNCT')]","{'PROPN': 1, 'AUX': 2, 'DET': 1, 'NOUN': 2, 'CCONJ': 1, 'VERB': 1, 'ADP': 1, 'ADJ': 1, 'NUM': 1, 'PUNCT': 1}",trump president be next 4 year,PROPN AUX DET NOUN CCONJ AUX VERB ADP ADJ NUM NOUN PUNCT,1.0,trump be president and will be for next 4 year,0,1,
30,"RAID THE VOTING MACHINES BEFORE THEY ""UPDATE"" THE SOFTWARE EARASING THE RIGGED VOTING SOFTWARE!",0.0,0.0,0.0,1.0,0.0,0.0,"RAID THE VOTING MACHINES BEFORE THEY ""UPDATE"" THE SOFTWARE EARASING THE RIGGED VOTING SOFTWARE!","[('raid', 'NOUN'), ('the', 'DET'), ('voting', 'NOUN'), ('machines', 'NOUN'), ('before', 'ADP'), ('THEY', 'PROPN'), ('""', 'PUNCT'), ('update', 'VERB'), ('""', 'PUNCT'), ('the', 'DET'), ('software', 'NOUN'), ('earase', 'VERB'), ('the', 'DET'), ('rigged', 'NOUN'), ('voting', 'NOUN'), ('SOFTWARE', 'PROPN'), ('!', 'PUNCT')]","{'NOUN': 6, 'DET': 3, 'ADP': 1, 'PROPN': 2, 'PUNCT': 3, 'VERB': 2}",raid voting machine they update software earase rigged voting software,NOUN DET NOUN NOUN ADP PROPN PUNCT VERB PUNCT DET NOUN VERB DET NOUN NOUN PROPN PUNCT,0.0,raid voting machine before they update software earase rigged voting software,14,3,earase
31,State calls the election!! In they did,0.0,0.0,0.0,0.0,0.0,0.0,State calls the election!! In they did,"[('state', 'NOUN'), ('call', 'VERB'), ('the', 'DET'), ('election', 'NOUN'), ('!', 'PUNCT'), ('!', 'PUNCT'), ('in', 'ADP'), ('they', 'PRON'), ('do', 'VERB')]","{'NOUN': 2, 'VERB': 2, 'DET': 1, 'PUNCT': 2, 'ADP': 1, 'PRON': 1}",state call election do,NOUN VERB DET NOUN PUNCT PUNCT ADP PRON VERB,1.0,state call election in do,0,2,
32,Trump WON Georgia BIG!!!! Legally!!!! ...... where ya at Hunter????,0.0,0.0,0.0,0.0,0.0,0.0,Trump WON Georgia BIG!!!! Legally!!!! ...... where ya at Hunter????,"[('Trump', 'PROPN'), ('WON', 'PROPN'), ('Georgia', 'PROPN'), ('BIG', 'PROPN'), ('!', 'PUNCT'), ('!', 'PUNCT'), ('!', 'PUNCT'), ('!', 'PUNCT'), ('legally', 'ADV'), ('!', 'PUNCT'), ('!', 'PUNCT'), ('!', 'PUNCT'), ('!', 'PUNCT'), ('......', 'PUNCT'), ('where', 'ADV'), ('ya', 'PRON'), ('at', 'ADP'), ('Hunter', 'PROPN'), ('?', 'PUNCT'), ('?', 'PUNCT'), ('?', 'PUNCT'), ('?', 'PUNCT')]","{'PROPN': 5, 'PUNCT': 13, 'ADV': 2, 'PRON': 1, 'ADP': 1}",trump won georgia big legally ...... where hunter,PROPN PROPN PROPN PROPN PUNCT PUNCT PUNCT PUNCT ADV PUNCT PUNCT PUNCT PUNCT PUNCT ADV PRON ADP PROPN PUNCT PUNCT PUNCT PUNCT,1.0,trump won georgia big legally ...... where at hunter,2,18,
33,Trump or Bust!,0.0,0.0,0.0,0.0,0.0,0.0,Trump or Bust!,"[('Trump', 'PROPN'), ('or', 'CCONJ'), ('Bust', 'PROPN'), ('!', 'PUNCT')]","{'PROPN': 2, 'CCONJ': 1, 'PUNCT': 1}",trump bust,PROPN CCONJ PROPN PUNCT,1.0,trump or bust,0,1,
34,Trump will be president for 12 more years,0.0,0.0,0.0,0.0,0.0,0.0,Trump will be president for 12 more years,"[('Trump', 'PROPN'), ('will', 'AUX'), ('be', 'VERB'), ('president', 'NOUN'), ('for', 'ADP'), ('12', 'NUM'), ('more', 'ADJ'), ('year', 'NOUN')]","{'PROPN': 1, 'AUX': 1, 'VERB': 1, 'NOUN': 2, 'ADP': 1, 'NUM': 1, 'ADJ': 1}",trump be president 12 more year,PROPN AUX VERB NOUN ADP NUM ADJ NOUN,1.0,trump will be president for 12 more year,0,0,
35,Only about half believe the President Trump lost DNC means does not coun,0.0,0.0,0.0,0.0,0.0,0.0,Only about half believe the President Trump lost DNC means does not coun,"[('only', 'ADV'), ('about', 'ADP'), ('half', 'NOUN'), ('believe', 'VERB'), ('the', 'DET'), ('President', 'PROPN'), ('Trump', 'PROPN'), ('lose', 'VERB'), ('DNC', 'PROPN'), ('mean', 'VERB'), ('do', 'AUX'), ('not', 'PART'), ('coun', 'VERB')]","{'ADV': 1, 'ADP': 1, 'NOUN': 1, 'VERB': 4, 'DET': 1, 'PROPN': 3, 'AUX': 1, 'PART': 1}",only half believe president trump lose dnc mean not coun,ADV ADP NOUN VERB DET PROPN PROPN VERB PROPN VERB AUX PART VERB,1.0,only about half believe president trump lose dnc mean do not coun,1,0,coun
36,Kamala was picked based on gender and race...not on merit,0.0,1.0,0.0,0.0,0.0,0.0,Kamala was picked based on gender and race...not on merit,"[('Kamala', 'PROPN'), ('be', 'AUX'), ('pick', 'VERB'), ('base', 'VERB'), ('on', 'ADP'), ('gender', 'NOUN'), ('and', 'CCONJ'), ('race', 'NOUN'), ('...', 'PUNCT'), ('not', 'PART'), ('on', 'ADP'), ('merit', 'NOUN')]","{'PROPN': 1, 'AUX': 1, 'VERB': 2, 'ADP': 2, 'NOUN': 3, 'CCONJ': 1, 'PUNCT': 1, 'PART': 1}",kamala pick base gender race ... not merit,PROPN AUX VERB VERB ADP NOUN CCONJ NOUN PUNCT PART ADP NOUN,0.0,kamala be pick base on gender and race ... not on merit,0,3,kamala
37,"The will of the American people will be done, one way or another",0.0,0.0,0.0,0.0,0.0,0.0,"The will of the American people will be done, one way or another","[('the', 'DET'), ('will', 'NOUN'), ('of', 'ADP'), ('the', 'DET'), ('american', 'ADJ'), ('people', 'NOUN'), ('will', 'AUX'), ('be', 'AUX'), ('do', 'VERB'), (',', 'PUNCT'), ('one', 'NUM'), ('way', 'NOUN'), ('or', 'CCONJ'), ('another', 'DET')]","{'DET': 3, 'NOUN': 3, 'ADP': 1, 'ADJ': 1, 'AUX': 2, 'VERB': 1, 'PUNCT': 1, 'NUM': 1, 'CCONJ': 1}",will american people do one way,DET NOUN ADP DET ADJ NOUN AUX AUX VERB PUNCT NUM NOUN CCONJ DET,1.0,will of american people will be do one way or,0,1,
38,Amalak...... evil Kamala!! Watch Out America!!,1.0,0.0,0.0,1.0,0.0,0.0,Amalak...... evil Kamala!! Watch Out America!!,"[('Amalak', 'PROPN'), ('......', 'PUNCT'), ('evil', 'PROPN'), ('Kamala', 'PROPN'), ('!', 'PUNCT'), ('!', 'PUNCT'), ('watch', 'VERB'), ('Out', 'PROPN'), ('America', 'PROPN'), ('!', 'PUNCT'), ('!', 'PUNCT')]","{'PROPN': 5, 'PUNCT': 5, 'VERB': 1}",amalak ...... evil kamala watch out america,PROPN PUNCT PROPN PROPN PUNCT PUNCT VERB PROPN PROPN PUNCT PUNCT,0.0,amalak ...... evil kamala watch out america,0,10,amalak kamala
39,The audio is terrible on this!!,0.0,0.0,0.0,0.0,0.0,0.0,The audio is terrible on this!!,"[('the', 'DET'), ('audio', 'NOUN'), ('be', 'AUX'), ('terrible', 'ADJ'), ('on', 'ADP'), ('this', 'DET'), ('!', 'PUNCT'), ('!', 'PUNCT')]","{'DET': 2, 'NOUN': 1, 'AUX': 1, 'ADJ': 1, 'ADP': 1, 'PUNCT': 2}",audio terrible,DET NOUN AUX ADJ ADP DET PUNCT PUNCT,1.0,audio be terrible on,0,2,
40,trump 2020-2036,0.0,0.0,0.0,0.0,0.0,0.0,trump 2020-2036,"[('trump', 'PROPN'), ('2020', 'NUM'), ('-', 'SYM'), ('2036', 'NUM')]","{'PROPN': 1, 'NUM': 2, 'SYM': 1}",trump 2020 2036,PROPN NUM SYM NUM,1.0,trump 2020 2036,0,1,2036
41,"BRAZIL GO TRUMP, GIANT",0.0,0.0,0.0,0.0,0.0,0.0,"BRAZIL GO TRUMP, GIANT","[('BRAZIL', 'PROPN'), ('GO', 'PROPN'), ('TRUMP', 'PROPN'), (',', 'PUNCT'), ('GIANT', 'PROPN')]","{'PROPN': 4, 'PUNCT': 1}",brazil go trump giant,PROPN PROPN PROPN PUNCT PROPN,1.0,brazil go trump giant,4,1,
42,"Liar, Liar pants on fire.",0.0,0.0,0.0,0.0,0.0,0.0,"Liar, Liar pants on fire.","[('Liar', 'PROPN'), (',', 'PUNCT'), ('Liar', 'PROPN'), ('pant', 'NOUN'), ('on', 'ADP'), ('fire', 'NOUN'), ('.', 'PUNCT')]","{'PROPN': 2, 'PUNCT': 2, 'NOUN': 2, 'ADP': 1}",liar liar pant fire,PROPN PUNCT PROPN NOUN ADP NOUN PUNCT,1.0,liar liar pant on fire,0,2,
43,CCPBiden and CCP Harris will never be President!,0.0,1.0,0.0,1.0,0.0,0.0,CCPBiden and CCP Harris will never be President!,"[('CCPBiden', 'PROPN'), ('and', 'CCONJ'), ('CCP', 'PROPN'), ('Harris', 'PROPN'), ('will', 'AUX'), ('never', 'ADV'), ('be', 'VERB'), ('President', 'PROPN'), ('!', 'PUNCT')]","{'PROPN': 4, 'CCONJ': 1, 'AUX': 1, 'ADV': 1, 'VERB': 1, 'PUNCT': 1}",ccpbiden ccp harris never be president,PROPN CCONJ PROPN PROPN AUX ADV VERB PROPN PUNCT,0.0,ccpbiden and ccp harris will never be president,1,1,ccpbiden
44,"Disruption, Confusion, Division...part of the Trump play book that he's been working on for four years.",0.0,0.0,0.0,1.0,0.0,0.0,"Disruption, Confusion, Division...part of the Trump play book that he is been working on for four years.","[('disruption', 'NOUN'), (',', 'PUNCT'), ('confusion', 'NOUN'), (',', 'PUNCT'), ('Division', 'PROPN'), ('...', 'PUNCT'), ('part', 'NOUN'), ('of', 'ADP'), ('the', 'DET'), ('Trump', 'PROPN'), ('play', 'NOUN'), ('book', 'NOUN'), ('that', 'DET'), ('he', 'PRON'), ('be', 'AUX'), ('be', 'AUX'), ('work', 'VERB'), ('on', 'ADP'), ('for', 'ADP'), ('four', 'NUM'), ('year', 'NOUN'), ('.', 'PUNCT')]","{'NOUN': 6, 'PUNCT': 4, 'PROPN': 2, 'ADP': 3, 'DET': 2, 'PRON': 1, 'AUX': 2, 'VERB': 1, 'NUM': 1}",disruption confusion division ... part trump play book work four year,NOUN PUNCT NOUN PUNCT PROPN PUNCT NOUN ADP DET PROPN NOUN NOUN DET PRON AUX AUX VERB ADP ADP NUM NOUN PUNCT,0.0,disruption confusion division ... part of trump play book be be work on for four year,0,6,
45,Are third terms possible?,0.0,0.0,0.0,0.0,0.0,0.0,Are third terms possible?,"[('be', 'AUX'), ('third', 'ADJ'), ('term', 'NOUN'), ('possible', 'ADJ'), ('?', 'PUNCT')]","{'AUX': 1, 'ADJ': 2, 'NOUN': 1, 'PUNCT': 1}",third term possible,AUX ADJ NOUN ADJ PUNCT,1.0,be third term possible,0,1,
46,Trump 2020,0.0,0.0,0.0,0.0,0.0,0.0,Trump 2020,"[('trump', 'NOUN'), ('2020', 'NUM')]","{'NOUN': 1, 'NUM': 1}",trump 2020,NOUN NUM,1.0,trump 2020,0,0,
47,"Trump won , julius from paris",0.0,0.0,0.0,0.0,0.0,0.0,"Trump won , julius from paris","[('Trump', 'PROPN'), ('win', 'VERB'), (',', 'PUNCT'), ('julius', 'PROPN'), ('from', 'ADP'), ('paris', 'PROPN')]","{'PROPN': 3, 'VERB': 1, 'PUNCT': 1, 'ADP': 1}",trump win julius paris,PROPN VERB PUNCT PROPN ADP PROPN,1.0,trump win julius from paris,0,1,
48,Everyone watch Kreb‚Äôs interview on 60 minutes!!,0.0,0.0,0.0,0.0,0.0,0.0,Everyone watch Kreb‚Äôs interview on 60 minutes!!,"[('everyone', 'PRON'), ('watch', 'VERB'), ('Kreb', 'PROPN'), ('‚Äôs', 'NOUN'), ('interview', 'NOUN'), ('on', 'ADP'), ('60', 'NUM'), ('minute', 'NOUN'), ('!', 'PUNCT'), ('!', 'PUNCT')]","{'PRON': 1, 'VERB': 1, 'PROPN': 1, 'NOUN': 3, 'ADP': 1, 'NUM': 1, 'PUNCT': 2}",watch kreb ‚Äôs interview 60 minute,PRON VERB PROPN NOUN NOUN ADP NUM NOUN PUNCT PUNCT,1.0,watch kreb ‚Äôs interview on 60 minute,0,2,kreb
49,Trump trying to steal election,0.0,0.0,0.0,1.0,0.0,0.0,Trump trying to steal election,"[('Trump', 'PROPN'), ('try', 'VERB'), ('to', 'PART'), ('steal', 'VERB'), ('election', 'NOUN')]","{'PROPN': 1, 'VERB': 2, 'PART': 1, 'NOUN': 1}",trump try to steal election,PROPN VERB PART VERB NOUN,0.0,trump try to steal election,0,0,
50,BRAZIL ROCKS WWG1WGA,0.0,0.0,0.0,0.0,0.0,0.0,BRAZIL ROCKS WWG1WGA,"[('BRAZIL', 'PROPN'), ('rock', 'NOUN'), ('WWG1WGA', 'NOUN')]","{'PROPN': 1, 'NOUN': 2}",brazil rock wwg1wga,PROPN NOUN NOUN,1.0,brazil rock wwg1wga,4,0,wwg1wga
51,Turn on your mic,0.0,0.0,0.0,0.0,0.0,0.0,Turn on your mic,"[('turn', 'VERB'), ('on', 'ADP'), ('your', 'PRON'), ('mic', 'ADJ')]","{'VERB': 1, 'ADP': 1, 'PRON': 1, 'ADJ': 1}",turn mic,VERB ADP PRON ADJ,1.0,turn on mic,0,0,
52,Biden cheated,0.0,0.0,0.0,1.0,0.0,0.0,Biden cheated,"[('Biden', 'PROPN'), ('cheat', 'VERB')]","{'PROPN': 1, 'VERB': 1}",biden cheat,PROPN VERB,0.0,biden cheat,0,0,
53,Cheaters BUSTED !!!!!!!!!!!!!!!!!,1.0,0.0,0.0,1.0,0.0,0.0,Cheaters BUSTED !!!!!!!!!!!!!!!!!,"[('cheater', 'NOUN'), ('bust', 'VERB'), ('!', 'PUNCT'), ('!', 'PUNCT'), ('!', 'PUNCT'), ('!', 'PUNCT'), ('!', 'PUNCT'), ('!', 'PUNCT'), ('!', 'PUNCT'), ('!', 'PUNCT'), ('!', 'PUNCT'), ('!', 'PUNCT'), ('!', 'PUNCT'), ('!', 'PUNCT'), ('!', 'PUNCT'), ('!', 'PUNCT'), ('!', 'PUNCT'), ('!', 'PUNCT'), ('!', 'PUNCT')]","{'NOUN': 1, 'VERB': 1, 'PUNCT': 17}",cheater bust,NOUN VERB PUNCT PUNCT PUNCT PUNCT PUNCT PUNCT PUNCT PUNCT PUNCT PUNCT PUNCT PUNCT PUNCT PUNCT PUNCT PUNCT PUNCT,0.0,cheater bust,1,17,
54,Trump the new host of the biggest loser,1.0,0.0,1.0,0.0,0.0,0.0,Trump the new host of the biggest loser,"[('trump', 'VERB'), ('the', 'DET'), ('new', 'ADJ'), ('host', 'NOUN'), ('of', 'ADP'), ('the', 'DET'), ('big', 'ADJ'), ('loser', 'NOUN')]","{'VERB': 1, 'DET': 2, 'ADJ': 2, 'NOUN': 2, 'ADP': 1}",trump new host big loser,VERB DET ADJ NOUN ADP DET ADJ NOUN,0.0,trump new host of big loser,0,0,
55,youtube is doing this on purpose...making it hard to hear...,0.0,0.0,0.0,0.0,0.0,0.0,youtube is doing this on purpose...making it hard to hear...,"[('youtube', 'NOUN'), ('be', 'AUX'), ('do', 'VERB'), ('this', 'DET'), ('on', 'ADP'), ('purpose', 'NOUN'), ('...', 'PUNCT'), ('make', 'VERB'), ('it', 'PRON'), ('hard', 'ADJ'), ('to', 'PART'), ('hear', 'VERB'), ('...', 'PUNCT')]","{'NOUN': 2, 'AUX': 1, 'VERB': 3, 'DET': 1, 'ADP': 1, 'PUNCT': 2, 'PRON': 1, 'ADJ': 1, 'PART': 1}",youtube do purpose ... make hard to hear ...,NOUN AUX VERB DET ADP NOUN PUNCT VERB PRON ADJ PART VERB PUNCT,1.0,youtube be do on purpose ... make hard to hear ...,0,6,
56,electoral college certifies election results NOT the MEDIAüí©,0.0,0.0,0.0,0.0,0.0,0.0,electoral college certifies election results NOT the MEDIAüí©,"[('electoral', 'ADJ'), ('college', 'NOUN'), ('certifie', 'NOUN'), ('election', 'NOUN'), ('result', 'NOUN'), ('not', 'PART'), ('the', 'DET'), ('MEDIA', 'PROPN'), ('üí©', 'EMOJI')]","{'ADJ': 1, 'NOUN': 5, 'PART': 1, 'DET': 1, 'PROPN': 1}",electoral college certifie election result not media üí©,ADJ NOUN NOUN NOUN NOUN PART DET PROPN EMOJI,1.0,electoral college certifie election result not media,2,0,certifie
57,LOVE YOU BIDEN,0.0,0.0,0.0,0.0,0.0,0.0,LOVE YOU BIDEN,"[('love', 'VERB'), ('you', 'PRON'), ('BIDEN', 'VERB')]","{'VERB': 2, 'PRON': 1}",love biden,VERB PRON VERB,1.0,love biden,3,0,
58,Why is santa bald????,1.0,0.0,0.0,0.0,0.0,0.0,Why is santa bald????,"[('why', 'ADV'), ('be', 'AUX'), ('santa', 'PROPN'), ('bald', 'PROPN'), ('?', 'PUNCT'), ('?', 'PUNCT'), ('?', 'PUNCT'), ('?', 'PUNCT')]","{'ADV': 1, 'AUX': 1, 'PROPN': 2, 'PUNCT': 4}",why santa bald,ADV AUX PROPN PROPN PUNCT PUNCT PUNCT PUNCT,0.0,why be santa bald,0,4,
59,imagine having someone beside you doing that the whole time?,0.0,0.0,0.0,0.0,0.0,0.0,imagine having someone beside you doing that the whole time?,"[('imagine', 'VERB'), ('have', 'VERB'), ('someone', 'PRON'), ('beside', 'ADP'), ('you', 'PRON'), ('do', 'VERB'), ('that', 'SCONJ'), ('the', 'DET'), ('whole', 'ADJ'), ('time', 'NOUN'), ('?', 'PUNCT')]","{'VERB': 3, 'PRON': 2, 'ADP': 1, 'SCONJ': 1, 'DET': 1, 'ADJ': 1, 'NOUN': 1, 'PUNCT': 1}",imagine have do whole time,VERB VERB PRON ADP PRON VERB SCONJ DET ADJ NOUN PUNCT,1.0,imagine have beside do whole time,0,1,
60,eew,0.0,0.0,0.0,0.0,0.0,0.0,eew,"[('eew', 'ADJ')]",{'ADJ': 1},eew,ADJ,1.0,eew,0,0,eew
61,Entire election was rigged,0.0,0.0,0.0,1.0,0.0,0.0,Entire election was rigged,"[('entire', 'ADJ'), ('election', 'NOUN'), ('be', 'AUX'), ('rig', 'VERB')]","{'ADJ': 1, 'NOUN': 1, 'AUX': 1, 'VERB': 1}",entire election rig,ADJ NOUN AUX VERB,0.0,entire election be rig,0,0,
62,CULT45 SQUARELY BEHIND THE üé± ON THE U.S. ELECTIONS......HES DONE,0.0,0.0,0.0,0.0,0.0,0.0,CULT45 SQUARELY BEHIND THE üé± ON THE U.S. ELECTIONS......HES DONE,"[('cult45', 'X'), ('SQUARELY', 'PROPN'), ('behind', 'ADP'), ('the', 'DET'), ('üé±', 'EMOJI'), ('on', 'ADP'), ('the', 'DET'), ('you', 'PRON'), ('.', 'PUNCT'), ('S.', 'PROPN'), ('ELECTIONS', 'PROPN'), ('......', 'PUNCT'), ('HES', 'PROPN'), ('do', 'VERB')]","{'X': 1, 'PROPN': 4, 'ADP': 2, 'DET': 2, 'NOUN': 1, 'PUNCT': 1, 'VERB': 1}",cult45 squarely üé± u.s. elections ...... hes do,X PROPN ADP DET EMOJI ADP DET PRON PUNCT PROPN PROPN PUNCT PROPN VERB,1.0,cult45 squarely behind on u.s. elections ...... hes do,11,8,cult45
63,Busted!,0.0,0.0,0.0,0.0,0.0,0.0,Busted!,"[('bust', 'VERB'), ('!', 'PUNCT')]","{'VERB': 1, 'PUNCT': 1}",bust,VERB PUNCT,1.0,bust,0,1,
64,ü§üBYEüëãDONüëç 2020..ish,0.0,0.0,0.0,0.0,0.0,0.0,ü§üBYEüëãDONüëç 2020..ish,"[('ü§ü', 'EMOJI'), ('BYE', 'PROPN'), ('üëã', 'EMOJI'), ('DON', 'PROPN'), ('üëç', 'EMOJI'), ('2020', 'NUM'), ('..', 'PUNCT'), ('ish', 'VERB')]","{'PUNCT': 2, 'PROPN': 3, 'NUM': 2, 'VERB': 1}",ü§ü bye üëã don üëç 2020 .. ish,EMOJI PROPN EMOJI PROPN EMOJI NUM PUNCT VERB,1.0,bye don 2020 .. ish,2,2,
