Unnamed: 0,message,Direct Harassment,Hate Speech,Sexual Harassment,Trolling,Others,Toxic
0,TURKEY WITH CRANBERRY SAUCD,,,,,,
1,Maga Trump 2020 Faux News Suck,1.0,,,,,
2,Mike HaleyğŸ™‹ğŸ¼â€â™‚ï¸ğŸ‘ŒğŸ»ğŸ‘ŒğŸ»,,,,,,
3,even dead people voted for the Big guy...,,,,1.0,,
4,Mike please tell me why,,,,,,
5,c'mon do lund trump,1.0,,,,,
6,why is my last 2 comments in pale grey now? almost faded out. am I muted? I didn't say anything wrong or rude.,,,,,,
7,Jesus Christ is coming soon to rapture his people repent and accept him as Lord and savior ğŸ™ğŸ™ŒğŸ•Šï¸âœï¸ğŸ›â¤ï¸,,,,,,
8,the turkey pardons the turkey,,,,,,
9,Sammy you are limited,,,,,,
10,China Virus. It came from China,,1.0,,,,
11,"Why isn't the ""president-elect"" trying to pardon this turkey with his transition team? Outrageous!",1.0,,,,,
12,Last thanksgiving for you trump in White House,,,,,,
13,Were is daddy Trump,,,,,,
14,"TRUMP was not ""Fired"" come 2024 when he rerun and I believe he will 2024 he wins why because he connected with many people of all ethnic backgrounds NO PANDEMIC=NO BIDEN believe it or not TRUMP WINS!",,,,1.0,,
15,Best President ever! God Bless America !,,,,,,
16,Itâ€™s in slow mode @Sammy Oliver. You have to wait about a minute between post when itâ€™s in slow mode,,,,,,
17,We Will Win,,,,,,
18,If there is no path forward for Trump... he should release all prisonsers... everywhere... good luck Biden,,,,,,
19,"CORN and COB - Anyone think Trump is TROLLING Biden's ""CORN POP"" story ???",,,,,,
20,Q was wrong ğŸ˜‘,,,,,,
21,Hopefully the reporters will let them do this without issue,,,,,,
22,BIDEN 2024,,,,,,
23,"What, is, this,? A real, President, is, speaking,.! Hallelujah.! Hallelujah,. ! Hallelujah..,! Thunderous!!! Speech. A true Commander-in-Cheif. Donald Trump, take notes... No more, reality TV",,,,,,
24,this turkey ğŸ¦ƒ is smarter that Joe Frauden Biden. ğŸ‘,1.0,,,,,
25,Its going down...,,,,,,
26,TRUMP HAS A BUSINESS IN TURKEY,,,,,,
27,Itâ€™s not over.,,,,,,
28,"Benjamin Franklin once said: ""Those who would give up essential Liberty, to purchase a little temporary Safety, deserve neitherLiberty nor Safety.""",,,,,,
29,Dark coven... most ridiculous thing Iâ€™ve ever heard,,,,,,
30,Wow such a beautiful turkey,1.0,,,,,
31,You want Trump dead so that he can vote for Biden? ğŸ˜†,1.0,,,,,
32,Beat President From the Rep Party EVERER,,,,,,
33,Trump 2020/24,,,,,,
34,:thanksdoc::thanksdoc::thanksdoc:,,,,,,
35,Bedin â¤ï¸,,,,,,
36,LOL they are wearing masks. LOL,,,,,,
37,Biden4Prison2020 !,,,,,,
38,the 10 pct of the Usa annual budget will go to the Bidens,,,,,,
39,Trump is awesome. Best president of my lifetime,,,,,,
40,trump 2024,,,,,,
41,BIDEN 2020,,,,,,
42,what turkey,,,,,,
43,Finally wearing masks ğŸ˜·!!,,,,,,
44,thanks @jungleforeva,,,,,,
45,Q is misinfo that's why,,,,,,
46,TRUMP WON,,,,,,
47,Trump!â¤ï¸â¤ï¸,,,,,,
48,"Q just had you all sitting on your hands, ""trusting the plan"" instead of actually doing something. Q handed you complacency and yoy said ""ThankQ""",,,,,,
49,TRUMP WON,,,,,,
50,Trump should resign so that Pence can pardon him.,1.0,,,,,1.0
51,that turkey is adorable!â¤,,,,,,
52,Biden our new president b****** haha ğŸ˜‚,1.0,,,,,1.0
53,TRUMP 2020,,,,,,
54,TRUMP2020. FOUR MORE YEars,,,,,,
55,ğŸ¦ƒğŸ¦ƒ,,,,,,
56,TRUMPKY,1.0,,,,,
57,But still... he lost.,,,,,,
58,TRUMP2020âœŠâœŠâœŠ,,,,,,
59,Trump won and Q is real. Deal with it.,,,,,,
60,BIDEN BIDEN BIDEN !!!!!!!!!!!!!!!,,,,,,
61,Ivanka is so Beautiful more than Kamala Harris.,1.0,,1.0,,,
62,the little girls no wearing a mask SHOOT ON SIGHT,,,,,1.0,
63,trump lost idiots accept it,,,,,,1.0
64,TRUMP 2020,,,,,,
65,so who's playing the turkey Eric or Don Jr,1.0,,,1.0,,
66,How about - just enjoy the moment and feel glad that you have have a web connection - and dash the politics for a week or so..,,,,,,
67,God Bless President Trump ğŸ™,,,,,,
68,Trump 2020 MAGA,,,,,,
69,"CORN and COB - Anyone think Trump is TROLLING Biden's ""CORN POP"" story ???",,,,,,
70,Holland for Trump,,,,,,
71,I love Ivanka,,,,,,
72,Is that Turkey heaven sent?,1.0,,,,,
73,ğŸ‘ğŸ‘ğŸ‘ğŸ‘â¤ï¸â¤ï¸â¤ï¸,,,,,,
74,Iâ€™ve never seen a white turkey before,1.0,,,,,
75,bet don cant make it through without stokin himself saying how great he is mr ego,1.0,,,,,
76,I want to eat,,,,,,
77,"Gobble gobble, from New Zealand. Itâ€™s been fun watching.",1.0,,,,,
78,Joe Biden celebration group in the streets were without masks and together drunks,,,,1.0,,
79,Biden--Pretender Elect,,,,1.0,,
80,The biggest hoax ever was Q,,,,,,
81,"Benjamin Franklin once said: ""Those who would give up essential Liberty, to purchase a little temporary Safety, deserve neitherLiberty nor Safety.""",,,,,,
82,Trump is gonna blow it all wide open... get the ğŸ¿ ready folks December will be a telling month till then be patient,,,,,,
83,No Trump Won watch we already Won.,,,,,,
84,I hope the Turkey's name isn't Ghislane Maxwell.,1.0,,,,,
85,Oh i love to see my president and his family,,,,,,
86,TRUMPâ¤â¤â¤!,,,,,,
87,Trump Won,,,,,,
88,TRUMP! BEST PRESIDENT AMERICA HAS EVER HAD,,,,,,
89,THANK YOU PRESIDENT TRUMP FOR EVERYTHING YOU HAVE DONE FOR AMERICA.... TRUMP 2020,,,,,,
90,Supreme court will make you babies cry for mommy,1.0,,,,,
91,I LIKE TURTLES,,,,,,
92,ğŸ¦ƒğŸ¦ƒ,,,,,,
93,BIDEN WON >>> ILLUMINATI,,,,1.0,,
94,Joe Biden is the Turkey! He gonna get cooked! Release the Kraken!!!,1.0,,,,,
95,Trump will win,,,,,,
96,TRUMPS 2020,,,,,,
97,We ready for them so called mobs this time,,,,,,
98,Why would you let the turkey walk freely like that?! Ya'll need to eat it,1.0,,,,,
99,I wonder how many of those people will catch covic after this one,,,,,,
100,TRUMP WON IN A LANDSLIDE VOTE AND EVERYONE KNOWS IT.,,,,,,
101,TRUMP WON,,,,,,
102,Look at those rat children,,,,,,1.0
103,Ah haaa Biden is a turkey,1.0,,,,,
104,Finally fox shares true news,,,,,,
105,If people can loot and riot I can have thanksgiving with my family,1.0,1.0,,,,
106,Wear your mask Trump family,,,,,,
107,DONT BE A TURKEY!!!,,,,,,
108,Do the turkeys have large Talons?!?,1.0,,,1.0,,
109,STAY STRONG. TRUMP WON,,,,,,
110,Adorable kids,,,,,,
111,Best President Ever,,,,,,
112,where are they?,,,,,,
113,NOW they're all wearing masks!,,,,,,
114,trump 2020,,,,,,
115,"if it wasn't for Mark Bryant, Gislaine would probably be at this turkey show",1.0,,,,,
116,Turkey pardons Trump. lol.,1.0,,,,,
117,double U B lmao ğŸ˜‚ğŸ˜‚ğŸ˜‚,,,,,,
118,Yay. Normalcy.,,,,,,
119,is that Joe Biden? oh no it's just a turkey. same thing I guess.,1.0,,,,,
120,LMAO AT ALL THE MASKS HAHAHAHA HAHAHAHA,,,,,,
121,PRESIDENT BIDEN ğŸ’™ğŸ‰ğŸ‰ğŸ‰ğŸ‰ğŸ˜ğŸ˜,,,,,,
122,"Calling on the ""Son's of Liberty""",,,,,,
123,"Bye Trump, hahahahahah.",,,,,,
124,where's the turkey O-O,,,,,,
125,FOXXXXXX,,,,,,
126,â¤ï¸WE LOVE YOU TRUMPâ¤ï¸,,,,,,
127,Covid is a hoax,,,,1.0,,
128,Trump lost,,,,,,
129,Biden will NEVER be my president!!!,,,,,,
130,TRUMP IS A VIAL HUMAN BEING,1.0,,,,,1.0
131,LMAO T M,,,,,,
132,Trump Won!,,,,,,
133,WORST POTUS EVER!!!!!!!,,,,,,
134,Hi,,,,,,
135,Jesus mike check,,,,,,
136,Only Trump 2020â¤â¤,,,,,,
137,President Biden ğŸ¥¶ğŸ¥¶,,,,,,
138,here comes the loser,1.0,,,,,
139,FOX is the new CNN,,,,,,
140,Love you Mr. President,,,,,,
141,test,,,,,,
142,"Benjamin Franklin once said: ""Those who would give up essential Liberty, to purchase a little temporary Safety, deserve neitherLiberty nor Safety.""",,,,,,
143,"CORN and COB - Anyone think Trump is TROLLING Biden's ""CORN POP"" story ???",,,,,,
144,Love you Trump,,,,,,
145,YOU LOST,,,,,,
146,"Trump, you must win this battle!!!If you lose we'll lose our freedom",,,,,,
147,Trump 2020!!!,,,,,,
148,I can't wait to see him get kicked out of the white House,1.0,,,,,
149,"Just like Sansa said to Ramsey I say it to trump: â€œ your words will desapear, your house will desapear, all memory of you will desapear.â€",,,,,,
150,@Brake Davis yes Barry was,,,,,,
151,ğŸ•´ğŸ•´ğŸ•´ğŸ•´ğŸ•´,,,,,,
152,Who is Biden ? ğŸ¤£ğŸ¤£ long live Trumpâ¤ï¸ğŸ‘,,,,,,
153,buck fiden,,,,,,1.0
154,Makes it about himself,,,,,,
155,YOU LOST SUCKER ğŸ¤£,1.0,,,,,1.0
156,â¤ï¸â¤ï¸â¤ï¸â¤ï¸â¤ï¸â¤ï¸â¤ï¸â¤ï¸â¤ï¸â¤ï¸Trump2020!,,,,,,
157,lol i knew it he couldnt get through it without strokin himself lmao,1.0,1.0,,,,1.0
158,Oh FFS. Just concede!,,,,,,
159,Bet ya he just pardons himselfğŸ˜,,,,,,
160,He is the best President and Democrats people will see the difference between Not President Elect Biden and Trump.... President Trump made America Great,,,,,,
161,"Love you Trump, you are the best president.",,,,,,
162,Nice suit mr president,,,,,,
163,how long do you guys think it takes before Biden sniffs his first child ?,1.0,,,,,
164,Trump 24,,,,,,
165,Love God bless! Both these lovely people! President Donald J Trump!,,,,,,
166,CONSPIRATION OF THEORY IS A FACT OF CONSPIRATION - GEORGE WASHINGTON,,,,,,
167,How does biden win over trump when he couldnt even get 6 people at his events when Trump got 30k..are we really going to let this happen?,,,,,,
168,as a Chinese love u trump,,,,,,
169,I will be thrilled when you leave office Trump,,,,,,
170,Trump has proclaimed that US is no longer able to conduct free and fair elections. Trump to propose dictatorships for the US going forward. Breaking News!,,,,1.0,,
171,I think Biden is already dead,1.0,,,,,
172,"The Trump Family is a joke.... Funny, the Turkey talks, and Gobbles. ğŸ‘‰Pardon the CountryğŸ‘ˆ ğŸ‘‰Pardon the TurkeyğŸ‘ˆ. Pardon Trump, Pardon Me. Gobble, Gobble, Gobble, Gobble. Pardon The Stock Market.",1.0,,,1.0,,1.0
173,Trump will do way better during the next for years he serves,,,,,,
174,Trump you are a sore loser. You also set a record with a covid cases like it never been like this before.,1.0,,,1.0,,
175,THE TURKEY SHOULD PARDON TRUMP ğŸ˜‚,,,,,,
176,â¤,,,,,,
177,We love our president Trump and Melania!,,,,,,
178,cant wait until your in prison!!!!,1.0,,,,,1.0
179,one of the last great presidents Americans will ever see.,,,,,,
180,How kind to have the power to spare the life of one turkey and justify slaughtering hundreds of millions so that you can feast on their flesh in thanksgiving.,,,,,,
181,â¤ï¸â¤ï¸â¤ï¸â¤ï¸â¤ï¸TRUMP,,,,,,
182,WE LOVE YOU,,,,,,
183,LOSER CON MAN,1.0,,,,,
184,what the hell is wrong with you people? Why would he not bring up the Dow Jones breaking its all time record? Really are you people delusional?,,,,,,
185,I am grateful for leaders of our country who strive to be noble and do what is right despite great obstacles placed before them. #Givethanks,,,,,,
186,sad to see his presidency end. we all fkd now.,,,,,,
187,Ok Biden show us better! No excuses now! We donâ€™t want some lame excuse! â€œYou and the democrats are so much betterâ€ then prove it. NO EXCUSES!!!,,,,,,
188,lovevu,,,,,,
189,lock him up,1.0,,,,,
190,How about everyone on both sides show some class here today???,,,,,,
191,president trump,,,,,,
192,Why would you concede if you were cheated out of it,,,,,,
193,you are the winner!!!:washhands:,,,,,,
194,ONE TERM LOOOOOOOOOSERR!!,,,,,,
195,He speaks very quickly. His voice sounds so happy... Very interesting. ğŸ˜†,,,,,,
196,Thank you mr. president,,,,,,
197,ğŸ‘,,,,,,
198,"HAHAHAHAHA, Trump lost to Sleepy Joe. Sleepy Joe! HAHAHAHAHAHA!",1.0,,,,,1.0
199,Our President!!!,,,,,,
200,â¤Trump 2020â¤,,,,,,
201,Zhi wei deng - ye I am sure you are Chinese,,,,,,
202,Trump don't leave. Russia needs you.,,,,,,
203,i love this guy,,,,,,
204,â¤â¤â¤Trumpâ¤â¤â¤,,,,,,
205,Trump 2020 Your my President!,,,,,,
206,Trump lost,,,,,,
207,TRUE AMERICAN HERO!,,,,,,
208,miss the ralies,,,,,,
209,"I love you, too!",,,,,,
210,What is he talking aboutğŸ˜‚,,,,,,
211,Economy Great Again and dems are stealing our Turkey. Congrats President Trump.,,1.0,,,,
212,whats this the trump gobble gobble turkey show,1.0,,,,,
213,Loser,,,,,,
214,test,,,,,,
215,Heâ€™s oranger than ever. I LOVE HIM â¤ï¸â¤ï¸â¤ï¸â¤ï¸â¤ï¸â¤ï¸â¤ï¸â¤ï¸â¤ï¸â¤ï¸â¤ï¸â¤ï¸â¤ï¸,1.0,,,,,
216,"CORN and COB - Anyone think Trump is TROLLING Biden's ""CORN POP"" story ???",,,,,,
217,â¤ï¸MEJOR PRESIDENTE DEL MUNDO TE AMAMOS TRUMP GRACIASâ¤ï¸ BEST PRESIDENT EVER â¤ï¸ WE LOVE YOU â¤ï¸,,,,,,
218,trump 2020,,,,,,
219,Lots of â¤ï¸â¤ï¸â¤ï¸â¤ï¸ from TX,,,,,,
220,why is the camera shaking??ğŸ¤£ğŸ¤£ğŸ‘ğŸ‘ğŸ‘ğŸ‘,,,,,,
221,We love you President Trump,,,,,,
222,"Thank you for the last 4 years. You riled their feathers sir and for that, we thank you!",,,,,,
223,Trump!â¤ï¸â¤ï¸â¤ï¸â¤ï¸â¤ï¸,,,,,,
224,Where is The Kraken Powell?,,,,,,
225,European people crave for the leaders like this! So unfortunate that Americans are so divided for that matter.,,,,,,
226,2 term sleepy Joe got nothing done in 47 years,,,,,,
227,President Trump will always be my president.,,,,,,
228,"Trump should also pardon himself, together with the turkeys...",1.0,,,,,
229,Oh corn and cob? Did I hear right? Harvest time,,,,,,
230,ğŸ‘¨â€ğŸ‘©â€ğŸ‘§ğŸ’‚â€â™‚ï¸ğŸ¥‡ğŸ’‚â€â™€ï¸ğŸ‘¨â€ğŸ‘©â€ğŸ‘§,,,,,,
231,â¤ï¸â¤ï¸â¤ï¸â¤ï¸â¤ï¸â¤ï¸â¤ï¸â¤ï¸â¤ï¸â¤ï¸Trump2020!,,,,,,
232,Trump 2020 ğŸ‘,,,,,,
233,Pennsylvania loves Trump! â¤,,,,,,
234,"LOVE YOU, PRESIDENT TRUMP!",,,,,,
235,Gabblerz! Hahahahahahahahaha,,,,,,
236,God Bless America. Trump rocks!!!,,,,,,
237,I thought he said Cornpop,,,,,,
238,I thought he was going to say Corn and Pop,,,,,,
239,â¤ï¸â¤ï¸â¤ï¸,,,,,,
240,One and Done,,,,,,
241,BIDEN WHO ???,,,,,,
242,(BLM) Bidenâ€™s Laptop Matters,,,,1.0,,
243,"Trump, you must win!!!!!!!!!!!!!!!!!!!!!!!!!!!!!!!!!!!!!!!!!!!!!!!!!!!!!!!!!!!!!!!!!!!!!!!!!!!!!!!!!!!!!!!!!!!!!!!!!!!!!!!!!!",,,,,,
244,ISRAEL FOR TRUMPâ¤ğŸŒ¹ğŸŒ¹,,,,,,
245,Bye Turkey,,,,,,
246,Lol,,,,,,
247,"Great performer, terrible president. The turkey would have done less damage",,,,,,
248,if only he could pardon himself,,,,,,
249,Trump you're a DICTATOR and American people hate BULLIES and DICRTATORS. That's why you have lost.,1.0,,,,,
250,"The Trump Family is a joke.... Funny, the Turkey talks, and Gobbles. ğŸ‘‰Pardon the CountryğŸ‘ˆ ğŸ‘‰Pardon the TurkeyğŸ‘ˆ. Pardon Trump, Pardon Me. Gobble, Gobble, Gobble, Gobble. Pardon The Stock Market.",1.0,,,1.0,,
251,yay Iowa turkey! perfect names,,,,,,
252,Let that Turkey live!,,,,,,
253,we America we,,,,,,
254,We all know Trump won and the election was stolen by crooks in 4 cities,,,,,,
255,LOCK FIDEN FOR F CHEATING,1.0,,,,,1.0
256,ILLUMINATI,,,,,,
257,"man, woman, person, camera, t.v., corn and cob....it's amazing",,,,,,
258,The turkey was part of the deep state,,,,,,
259,American first. Grow up people.,,,,,,
260,"trump 2020 only, Biden 2021 & beyond!!!",,,,,,
261,"Thank you, Our President Trump. Thank you for having the strength, determination, and faith in our Mighty Lord to continue to protect our great America!!!Amen",,,,,,
262,Lol,,,,,,
263,:yt::yt::yt:,,,,,,
264,I love seeing trump happy in this bad time,,,,,,
265,I smell COVID of his breath,1.0,,,,,
266,We love our Awesome President Trump and 1st lady Melania Trump!! God bless USA,,,,,,
267,"There is no such thing as the ""Office of the President Elect"" so ridiculous! They just make sh*t up! For being in office 47 yrs Joe Biden isn't very smart.",,1.0,,,,
268,A TREMENDOUS university,,,,,,
269,You got this Trump!,,,,,,
270,"Trump didnâ€™t lost, Joe stole the election with the help of deep state",,,,1.0,,
271,Happy Thanksgiving!,,,,,,
272,Corn and Cobb are true American patriots!,,,,,,
273,Trump lost,,,,,,
274,The turkeys name is corn pop,,,,,,
275,Bone Spurs,,,,,,
276,God Bless Our Nation. Let Pea2ce Reign!,,,,,,
277,PARDON YOURSELF DON. HERE'S YOUR CHANCE,,,,,,
278,GOD BLESS DONALD TRUMP!!! THE BEST PRESIDENT EVER.,,,,,,
279,We love you.Mr.President!!! Lets make TRUMP PARTY !!!!,,,,,,
280,This guy sucks!,1.0,,,,,
281,â¤â¤â¤German patriots for Trumpâ¤â¤â¤ Happy holidays,,,,,,
282,Corn and Cob aren't the only ones retireing.,,,,,,
283,He is reading fast ğŸ˜‚,,,,,,
284,WWG1WGA,,,,,,
285,Biden is a Cenile old man,1.0,,,,,
286,bizimi sÃ¶yluyorlar,,,,,,
287,TRUMPğŸ™ŒğŸ™ŒğŸ™Œ,,,,,,
288,Most of America is starving right now cause of you .,,,,1.0,,
289,I feel bad for him he look sickğŸ˜”,,,,,,
290,Trump won,,,,,,
291,Thencs mai veri President,,,,,,
292,"CORN and COB - Anyone think Trump is TROLLING Biden's ""CORN POP"" story ??? ğŸ¤”ğŸ˜‹",,,,,,
293,Lol you city slickers they donâ€™t feed on your grocery shelf like you think they do! Corn pop!,1.0,1.0,,,,
294,someone fire the volume guy. it's either to low or making my ears bleed,,,,,,
295,I too wonder why he is talking so quickly...,,,,,,
296,TRUMP,,,,,,
297,Joe the liar Trump the triumph.,,,,,,
298,4 More Years,,,,,,
299,"BIDEN WIN is WIN for CHINA. Congrats everyone, YOU GOT WHAT YOU WANTED!!! Let's see how long he lasts...I give him 4 months before pushed aside!",,,,1.0,,
300,gonna miss him. not looking forward to Bidet...,,,,,,1.0
301,TRUMP 2020,,,,,,
302,Thankfully God heard our prayers BIDENğŸ¥¶ğŸ¥¶,,,,,,
303,IMPEACH BIDEN,,,,,,
304,Did the Turkey have a postal vote for Biden?,,,,,,
305,TRUMP!,,,,,,
306,"Benjamin Franklin once said: ""Those who would give up essential Liberty, to purchase a little temporary Safety, deserve neitherLiberty nor Safety.""",,,,,,
307,"You are our duly elected , President. We love you, Mr. President and your love for our nation and her people!",,,,,,
308,I canâ€™t watch because I might cry like a lil b,1.0,,,,,
309,Get ready for round up!!!,,,,,,
310,war,,,,,,
311,Sweet MAGA tears,,,,,,
312,You are the best President in many years. You exposed the swamp. COME BACK,,,,,,
313,Biden will wreck USA!! Hahahahahahaa All you Biden voters y'all be crushed!!,,,,1.0,,
314,WE LOVE YOU BIDEN,,,,,,
315,GOD BLESS THE USA!!!!,,,,,,
316,Did he also pardon himself?,,,,,,
317,Trump2020,,,,,,
318,Trump out of breath. RIP. BIDEN WINS,,,,,,
319,plz stay in office for 4 more years we love u!,,,,,,
320,Best President ever! U.K loves you,,,,,,
321,Trump will be a Winner Forever. The Last American President.,,,,,,
322,love you Mr Trump!,,,,,,
323,BOOOOOOOOO PIECE OF CRAP fox news!!!! carrie this live but not a news conference,,,,,,
324,Real Americas love you Mr. President!! you are annointed by God! do not give up,,,,,,
325,May God bless us with 4 more years of Trump administration,,,,,,
326,Four more years,,,,,,
327,trumps win for putin russia,,,,,,
328,TRUST TRUMP,,,,,,
329,TRUMP WON,,,,,,
330,Canada loves you T dog,,,,,,
331,"What about the Native people?? ""Thanksgiving"" is the day of mourning!",,,,,,
332,Biden 2020,,,,,,
333,Biden will bee impeached BEFORE They take office LOVE'S!!!,,,,,,
334,my body my choice,,,,,,
335,ğŸ¦ƒğŸ¦ƒğŸ¦ƒğŸ¦ƒğŸ¦ƒğŸ¦ƒğŸ¦ƒğŸ¦ƒ,,,,,,
336,go away Trump! ğŸ˜ğŸ˜ğŸ˜ğŸ˜ğŸ˜ğŸ˜ğŸ˜,,,,,,
337,Only president who has a heart since jfk,,,,,,
338,He talks so fast cuz he wants to go golfing,,,,,,
339,Trump 2020 !! We Love You and your family God Bless!!,,,,,,
340,I love my president!! Trump 2020 and Trump Forever!!,,,,,,
341,We love president Trump,,,,,,
342,Iden = ğŸ‘¹,1.0,,,,,
343,Putting Joe Biden gone by brain ğŸ§  of old man running for president...is an elderly abuse event. stop the abuse. stop the steal.,1.0,,,,,
344,ğŸŒ½ğŸ¦ƒğŸ¦ƒ,,,,,,
345,would take Biden till next thanksgiving reading this out,,,,,,
346,I hope he doesn't pardon Creepy Joe to that would be a shame!,,,,,,
347,Happy Thanksgiving. Thank you Mr President for standing up for freedom!!!,,,,,,
348,Thank you for very good presidential time.,,,,,,
349,You are the greatest President Trump. Weak Biden will sell us out.,,,,1.0,,
350,"PRESIDENT TRUMP, YOU ARE FABULOUS",,,,,,
351,Better get ready for Martial law just as you want folks!Youll change your mind wuicklyğŸ¤·ğŸ¼â€â™€ï¸,,,,1.0,,
352,Biden -- time for real & true leadership!!!,,,,,,
353,Mayors are causing the starvation.,,,,,,
354,Dont give up you will be our president for 4 more years,,,,,,
355,the draft dodger is praising the military,,,,1.0,,
356,Thank you Trump,,,,,,
357,TRUMP LOST LOLOLOLOLOL,,,,,,
358,",*",,,,,,
359,Trump will have a successful tv career for all of you obsessed fools in love with a proven liar.,,,,,,
360,Viva Donald Trump. we love you from Italy.,,,,,,
361,VACCINE VACCINE. TAKING CREDIT FOR EVERYTHING,,,,,,
362,i am locked out of twitter again @TheFlame1965 @BorchardtReal IM IN IOWA BOSS PREZ!!! CAN YOU HELP ME GET MY ACCOUNT BACK PLEASE? I HAVE TEXTNOW APP FOR PHONE AND THEY WON RECOGNIZE IT... PLEASE?,,,,1.0,,
363,How can you lose to the WORST opp EVER,1.0,,,,,
364,I hear we can only get together with six on Thanksgiving (six people) but if you have a funeral you can make it 30 so we are having a funeral for our pet turkey on Thursday friends and family invited.,,,,1.0,,
365,:yt:,,,,,,
366,Loser,1.0,,,,,
367,THANK GOD FOR PRES ELECT BIDEN,,,,,,
368,"Trump won, he is our President 2Terms, Stop the Steal",,,,,,
369,Trump has never been to Epstein Island Biden has gone over twenty times,,,,1.0,,
370,"I hate Don, but I agree. Itâ€™s call China virus not COVID-19, blame the govâ€™t of China. #ChinaVirus",,1.0,,,,
371,"God Bless You President Trump and Our Beautiful First Lady, and your wonderful family!",,,,,,
372,BONE SPURS,,,,,,
373,Thank you President Trump and First Lady Melania for being OUR PRESIDENT AND FIRST LADY GOD BLESS YOU BOTH Thanks for pardoning Corn and Cob,,,,,,
374,"better enjoy it trump, cause it's the only turkey you get to pardon ahah",1.0,,,,,
375,"CORN and COB - Anyone think Trump is TROLLING Biden's ""CORN POP"" story ??? ğŸ¤”ğŸ˜‹",,,,,,
376,Trump our Great President !!!!!!,,,,,,
377,GOD HELP US THANKYOU TRUMP FOR ALL YOU HAVE DONE THE WAR HAS JUST BEGUN,,,,,,
378,Kinda sad to see him leave,,,,,,
379,"The Trump Family is a joke.... Funny, the Turkey talks, and Gobbles. ğŸ‘‰Pardon the CountryğŸ‘ˆ ğŸ‘‰Pardon the TurkeyğŸ‘ˆ. Pardon Trump, Pardon Me. Gobble, Gobble, Gobble, Gobble. Pardon The Stock Market.",,,,1.0,,
380,maga 2020,,,,,,
381,VIVA TRUMP from Canada,,,,,,
382,The best President ! ğŸ¥°ğŸ‘ğŸ»ğŸ‘ğŸ»ğŸ‘ğŸ» Happy Thanksgiving everyone!,,,,,,
383,â¤â¤â¤ â¤â¤â¤ â¤â¤â¤,,,,,,
384,God is using this election to clean house through President trump and he will still be our president Jan 20,,,,,,
385,We love please fight the fight.,,,,,,
386,Thanks for the advice... bye!!!!!!,,,,,,
387,Creepy Joey Bidet,1.0,,,,,1.0
388,BIDEN=Orange suit in JAIL!!!!,1.0,,,,,1.0
389,Tremendous feeling Biden will be coming ğŸ¥¶ğŸ¥¶ğŸ¥¶,,,,,,
390,4 more years of Liberal tears,,,,,,
391,a true leader. not afraid to call it what it is. the China virus,,,,,,
392,What a big turkey ğŸ¦ƒ,,,,,,
393,Trump,,,,,,
394,awwwwwww,,,,,,
395,You are an Amazing President and YOU are not a POLITICIAN! Thank God for you Donald John Trump! Four more years!,,,,,,
396,"Trump should also pardon himself, together with the turkeys...before Biden takes over.",1.0,,,,,
397,Great!! another super spreader event!,,,,,,
398,The best president since Ronald ReaganğŸŒ¹ğŸ¥°ğŸŒ¹ğŸ¥°l,,,,,,
399,HAHAHAHAHAHAAH Trump is the only Turkey in the WH,,,,,,
400,Stop the steal!! God Bless America! How can you hate those who love freedom and Liverty,,,,,,
401,FAKE NEWS!!!!,,,,,,
402,Enjoy YOUR life Mr.President!!!,,1.0,,,1.0,
403,"Thank You President Trump! Best president in our lifetime! We love you, your family & your administration! Looking forward to the next 4 years! Drain the swamp FOR GOOD!",,,,,,
404,Audio sucks,,,,,,
405,"VIVA TRUMP,, MELANIA",,,,,,
406,Thank You MR. PRESIDENT!! Four More Years!! MAGA!!,,,,,,
407,lucky turkeyâ¤,,,,,,
408,The blessed American,,,,,,
409,Thatâ€™s a beautiful turkey,,,,,,
410,Biden 2020,,,,,,
411,ğŸ¦ƒğŸ¦ƒğŸ¦ƒğŸ¦ƒğŸ™ğŸ™ğŸ™ğŸ™ğŸ™ğŸ™,,,,,,
412,We love Trump!,,,,,,
413,Trump legend,,,,,,
414,TRUMP 20202:thanksdoc::thanksdoc::thanksdoc::thanksdoc::thanksdoc::thanksdoc::washhands::washhands::washhands::washhands::washhands::washhands::washhands:ğŸ¥°ğŸ¥°ğŸ¥°,,,,,,
415,pretty bird,,,,,,
416,We love you President Trump ğŸ’¯â¤ï¸,,,,,,
417,God Bless you Mr President. We are thankful to God for your fight. The Deceivers are the end times. The truth blocks all deception. You are not a deceiver. Hold fast.,,,,,,
418,fix your mic,,,,,,
419,@satya devi... what about the untouchables your family from india discriminates against in perpetuity....you have the nerve!!,,,,,,
420,â¤â¤â¤TRUMPâ¤â¤â¤,,,,,,
421,FOR PRESIDENT - DONALD TRUMP!,,,,,,
422,Stop The Steal,,,,,,
423,God Bless America ! and President Trump,,,,,,
424,Trump Forever!!!,,,,,,
425,Joe pardon Donald!!,,,,,,
426,"Don law Team will come in the right time , trump",,,,,,
427,now go pet the nice bird without drooling,1.0,,,,,
428,TRUMP FOREVER,,,,,,
429,BIDEN 2020,,,,,,
430,Nice turkey â¤,,,,,,
431,Heâ€™s waiting for the Turkey to pardon him back,,,,,,
432,Someone stuff a sock in the Presses mouth.,1.0,,,,1.0,
433,trump2020,,,,,,
434,THE ONE AND ONLY WE LOVE YOU PRESIDENT TRUMP...HAPPY THANKSGIVING OUR BEST FIRST FAMILY EVER,,,,,,
435,â˜ºï¸ğŸ’›,,,,,,
436,GRACIAS MR PRESIDENT TRUMP â¤ï¸ WE LOVE YOU â¤ï¸,,,,,,
437,ğŸ¦ƒğŸ¦ƒğŸ¦ƒğŸ¦ƒ,,,,,,
438,Trump is the best President ever!,,,,,,
439,By the spring of 2021 the nation will not be climbing anymore.,,,,,,
440,*ğŸ•´ğŸ•´ğŸ•´ğŸ•´ğŸ•´*,,,,,,
441,Use gun to protect our president and constitution,,,,,1.0,
442,lmao,,,,,,
443,ğŸ’œğŸ’œğŸ’œğŸ’œğŸ’œ,,,,,,
444,I hate trump,1.0,,,,,
445,"Wait for when those turkey's in the swamp, realize you are not going anywhere.",,,,,,
446,Activist reporters from hell,1.0,,,1.0,,
447,God Bless you and your family Mr.President.,,,,,,
448,â¤ï¸,,,,,,
449,Trump's hair resembles the turkey,,,,,,
450,TRUMP,,,,,,
451,go Trump,,,,,,
452,Fk Acosta,1.0,,,,,1.0
453,"WE LOVE YOU PRESIDENT TRUMP, MELANIA YOU ARE THE WINNER THEY CHEATED COMPLETELY CLEVER DISGUSTING CORRUPT CROOKS",1.0,,,1.0,,
454,IOWA LOVES YOU MY POTUS!!!!! BIDEN SUCKS,,,,,,
455,"we love you, Trump!",,,,,,
456,Trump lost,,,,,,
457,We love you trump â¤ï¸â¤ï¸â¤ï¸,,,,,,
458,Going by the video title I figured he was trying to pardon himself.,,,,,,
459,FAKE CNN FAKE NEWS YELLING ALWAYS ğŸ’€,,,,,,
460,they are messing up bidens desk,,,,,,
461,One term POTUS,,,,,,
462,"All u haters will really love what's coming, If you get exactly what you've been asking for say goodbye to all of your freedoms including bashing the politicians and country.",,,,,,
463,listen to those nasty d bag reporters,,,,,,1.0
464,Help Cuommo wonâ€™t let me breath,,,,1.0,,
465,l still pray that Mr president Trump more 4 years...,,,,,,
466,Why do they let the News attend this event? All they do is shout their hair brained questions.,1.0,,,1.0,,
